Name,Price,Stock,Rating
Pan -GT- & Gill - S.H.Figuarts,51990,15,3.7
Skar King From Godzilla X Kong: The New Empire - S.H.MonsterArts,95990,15,1.6
POLERA MOBILE SUIT BLANCA BY VINCENT TRINIDAD - GKZ,14990,45,3.8
POLERA KITTY TO THE PAST BLANCA BY ILUSTRATA - GKZ,14990,23,0.7
POLERA KIRBY JAPAN BLANCA BY ILUSTRATA - GKZ,14990,40,0.7
POLERA CATANA NEGRA BY VINCENT TRINIDAD NEGRA - GKZ,14990,49,2.4
Rubik'S Cube Robo - CHOGOKIN,63990,24,2.8
The Legend Of Zelda Master Sword - PROPLICA,159990,38,1.9
Godzilla [2016] The Fourth Orthochromatic Ver - S.H.MonsterArts,119990,43,3.2
[Extra Battle]Super Saiyan 2 Son Gohan -Anger Exploding Into Power!! - Figuarts ZERO,87990,37,3.7
VF-31J SUPERSIEGFRIED (HAYATE IMMELMANN USE) REVIVAL Ver.,251990,48,4.9
Godzilla Evolved From Godzilla X Kong: The New Empire [2024] - S.H.MonsterArts,111990,10,1.3
Jeeg Robot - Figuarts Zero Touche Métallique,159990,14,1.5
Ufo Robo Grendizer - Figuarts Zero Touche Métallique,159990,6,3.3
Gx-50Sp Com-Battler V Chogokin 50Th Ver - SOUL OF CHOGOKIN,231990,27,0.9
Aoshi Shinomori - S.H.Figuarts,67990,35,4.1
Asw-G-08 Gundam Barbatos Lupus - GUNDAM UNIVERSE,23990,33,4.7
Mbf-P02 Gundam Astray Red Frame - GUNDAM UNIVERSE,23990,49,2.0
GZgmf/A-262B Strike Freedom Gundam Typeⅱ - UNDAM UNIVERSE,23990,17,2.0
<Side Ac> Ib-07: Sol 644 / Ayre - ROBOT SPIRITS,119920,28,2.8
Marshall.D.Teach - Kurouzu- Figuarts ZERO[EXTRA BATTLE],99990,48,2.5
Yusuke Urameshi - S.H.Figuarts,55990,12,0.2
Super Android 17 - S.H.Figuarts,69590,29,1.7
TRUNKS -GT- S.H.Figuarts,55990,18,2.4
POKEMON MODEL KIT QUICK BULBASAUR BANDAI HOBBY,9990,13,4.0
POLERA GOMU GOMU BLANCA BY ILUSTRATA - GKZ,14990,18,0.7
POLERA CATURAI X BY VINCENT TRINIDAD - GKZ,14990,48,4.4
Proplica Transformation Brooch & Disguise Pen Set Brilliant Color Edition,111990,22,1.0
S.H. Figuart Ichigo Kurosaki Dual Zangetsu,67990,10,4.5
STAR WARS UNLIMITED - SPARK OF REBELLION,34990,30,3.3
M.O.G.E.R.A G Force Storage Dock Sally Ver - S.H.MonsterArts,143990,20,3.7
Gundam Ex - GUNDAM UNIVERSE,31990,12,2.1
Super Saiyan God Super Saiyan Vegeta -Unwavering Saiyan Pride- S.H.Figuarts,35990,22,4.3
Giyu Tomioka - S.H.Figuarts,59990,42,0.7
Hajime Saito - S.H.Figuarts,63990,7,4.2
Schierke - S.H.Figuarts,63990,23,2.9
Yf-19(Isamu Alva Dyson Use) With Myung Fang Lone - TINY SESSION,35990,16,2.7
Vf-19 Custom Fire Valkyrie - HI-METAL R,119990,1,4.1
[Extra Battle] Minato Namikaze-Rasengan- Figuarts ZERO,67990,25,3.4
NARUTO UZUMAKI [Sage Mode] Savior of Konoha,67990,34,2.3
AQUARIUS CAMUS (SURPLICE) 20th REVIVAL,135990,21,4.9
SPIDER-PUNK(Spider-Man: Across the Spider-Verse),71990,33,0.4
Pokemon TCG Temporal Forces Build & Battle Box ING,26990,36,2.5
Pokemon TCG Temporal Forces Elite Trainer Box ESP,48990,0,2.1
Pokemon TCG Temporal Forces Elite Trainer Box ING,55990,36,3.4
Pokemon TCG Temporal Forces 3-Pack Blister ESP,14990,36,2.1
Pokemon TCG Temporal Forces 3-Pack Blister ING,15990,35,3.8
Pokemon TCG Temporal Forces Booster Bundle ESP,26990,18,3.3
Pokemon TCG Temporal Forces Booster Bundle ING,29990,0,1.7
Pokemon TCG Temporal Forces Sleeved Booster ESP,4990,0,2.2
Pokemon TCG Temporal Forces Sleeved Booster ING,5490,3,0.5
Pokemon TCG Temporal Forces Booster ESP,4990,45,1.6
Pokemon TCG Temporal Forces Booster ING,5490,40,4.9
NIPPER ALICATE WHITE BANDAI HOBBY,9990,17,4.0
Crystal Star -Brilliant Color Edition- REISSUE PROPLICA,63990,29,0.4
Ultraman & Emi [Ultraman: Rising] S.H.Figuarts,51990,46,2.9
Zinogre -20Th Anniversary Edition- S.H.MonsterArts,143990,32,4.6
Nami -Romance Dawn- S.H.Figuarts,51990,26,2.1
Gx-31Sp Chodenji Machine Voltes Ⅴ Chogokin 50Th Ver SOUL OF CHOGOKIN,299990,32,1.6
Rathalos -20Th Anniversary Edition- S.H.MonsterArts,151990,37,4.9
Taurus Aldebaran <Revival Ver.> SAINT CLOTH MYTH EX,167990,33,1.4
Itachi Uchiha -Narutop99 Edition- S.H.Figuarts,63990,49,3.2
Nami (A Netflix Series: One Piece) S.H.Figuarts,63990,13,4.7
Monkey.D.Luffy -Romance Dawn- S.H.Figuarts,31990,18,4.0
Super Saiyan Son Goku’S Efect Parts Set-Teleport Kamehameha- S.H.Figuarts,27990,4,4.1
Kenshin Himura S.H.Figuarts Tamashii Nations,55990,15,1.2
Sunraku S.H.Figuarts Tamashii Nations,59990,34,1.0
King Cold S.H.Figuarts Tamashii Nations,127990,36,4.2
Pokemon TCG Paldean Fates Premium Collection ESP,59990,37,0.2
Pokemon TCG Paldean Fates Premium Collection ING,59990,34,3.4
Hg 1/144 Mighty Strike Freedom Gundam Bandai Hobby,23990,41,4.1
Hg 1/144 Infinite Justice Gundam Typeⅱ Bandai Hobby,23990,33,1.4
Hg 1/144 Gyan Strom (Agnes Giebenrath Custom) Bandai Hobby,23990,17,2.4
GX-110 ANKOKU DAISHOGUN -SOUL OF CHOGOKIN Tamashii Nations,175990,26,0.1
GX-109 Choryujin SOUL OF CHOGOKIN Tamashii Nations,279990,43,2.0
Water Blue Ver. for S.H.FiguartsTAMASHII EFFECT Tamashii Nations,23990,40,3.2
Tanjiro Kamado S.H.Figuarts Tamashii Nations,31990,25,1.4
Nezuko Kamado S.H.Figuarts Tamashii Nations,55990,3,4.5
Kazuya Mishima S.H.Figuarts Tamashii Nations,63990,8,1.5
EUSTASS.KID -The Raid on Onigashima- S.H.Figuarts Tamashii Nations,71990,19,2.7
Ranni the Witch Figuarts mini Tamashii Nations,23990,11,0.5
Jin Kazama S.H.Figuarts Tamashii Nations,63990,11,1.9
MG 1/100 ZETA GUNDAM Ver.Ka BANDAI HOBBY,69990,27,1.3
Model Kit Pokemon METAGROSS BANDAI HOBBY,14990,34,1.8
30MS Tokai Teio from Umamusume Pretty Derby BANDAI HOBBY,37990,7,3.8
30MS SIS-D00 NEVERLIA [COLOR A] BANDAI HOBBY,25990,24,2.0
HG 1/100 YF-19 BANDAI HOBBY,42990,19,0.0
MODEL KIT HG 1/144 MICHAELIS BANDAI HOBBY,16990,9,2.9
WHALE MOSES SAINT CLOTH MYTH Tamashii Nations,167990,25,3.8
YAMATO-ONE PIECE BOUNTY RUSH 5th Anniversary [EXTRA BATTLE] FiguartsZERO Tamashii Nations,79990,23,2.6
PORTGAS.D.ACE-ONE PIECE BOUNTY RUSH 5th Anniversary [EXTRA BATTLE] FiguartsZERO Tamashii Nations,79990,38,4.1
Nemesis (Rebel Moon) S.H.Figuarts Tamashii Nations,71990,8,3.1
Jumbo Machineder Mazinger Z JUMBO MACHINEDER  Tamashii Nations,159990,43,1.1
Sagittarius Seiya -Inheritor Of The Gold Cloth- SAINT CLOTH MYTH EX Tamashii Nations,175990,1,1.8
Toushiro Hitsugaya S.H.Figuarts Tamashii Nations,55990,36,4.6
Minato Namikaze -Naruto 99 Edition- S.H.Figuarts Tamashii Nations,55990,37,3.9
Yf-21(Guld Goa Bowman Use) DX CHOGOKIN Tamashii Nations,303990,21,0.1
Kora (Rebel Moon) S.H.Figuarts Tamashii Nations,59990,6,1.9
Jimmy (Rebel Moon) S.H.Figuarts Tamashii Nations,59990,44,3.4
Renji Abarai-The Blood Warfare- FiguartsZERO Tamashii Nations,67990,22,2.0
Fern S.H.Figuarts Tamashii Nations,59990,13,0.8
Wind Blue Ver. For S.H.Figuarts - TAMASHII EFFECT,23990,27,3.0
Moon Stick -Brilliant Color Edition- PROPLICA,91990,33,2.4
SET CONCIERTO DE PIANO SYLVANIAN FAMILIES,25990,28,0.6
SET BOUTIQUE DE MODA SYLVANIAN FAMILIES,19990,8,1.0
FABRICA DE DISENOS AQUABEADS,44990,47,1.2
RALLY TENNIS SUPER MARIO,42990,2,0.6
CASTLE LAND SUPER MARIO,48990,33,4.2
FIRE MARIO STADIUM SIOC SUPER MARIO,48990,37,4.2
MARIO KART RACING SIOC SUPER MARIO,58990,28,3.3
AIR HOCKEY SIOC SUPER MARIO,48990,48,2.8
MARIO KART RACING DELUXE EXPANSION SUPER MARIO,13990,7,1.7
SET LITERAS TRIPLES SYLVANIAN FAMILIES,10990,45,3.8
PACK ABALORIOS SOLIDOS AQUABEADS,8990,43,4.2
PACK ABALORIOS JOYA AQUABEADS,8990,8,3.9
MUNDO DE FANTASIA AQUABEADS,26990,13,0.4
MALETIN DELUXE AQUABEADS,53990,25,3.5
MALETIN DE PRINCIPIANTES AQUABEADS,27990,38,3.3
LE KIT DECOUVERTE AQUABEADS,12990,14,0.0
GEMELOS ARDILLA DE LA NUEZ SYLVANIAN FAMILIES,11990,35,2.0
FAMILIA CONEJO DE CHOCOLATE SYLVANIAN FAMILIES,33990,33,0.1
SET EXPERTOS CREADORES C AQUABEADS,18990,16,4.6
SET EXPERTOS CREADORES B AQUABEADS,18990,6,4.0
SET EXPERTOS CREADORES A AQUABEADS,18990,40,3.0
CASA DE CAMPO SYLVANIAN FAMILIES,46990,45,1.8
CONJUNTO WILD SAFARI AQUABEADS,28990,20,0.2
SET PERSONAJES SUPER MARIO AQUABEADS,20990,14,2.0
ROUTE N GO SUPER MARIO,49990,1,2.9
MAZE GAME SUPER MARIO,45990,33,0.5
MAZE CHALLENGE SUPER MARIO,20990,36,0.4
AIR HOCKEY ATTACK SUPER MARIO,48990,27,3.9
ADVENTURE GAME DX SUPER MARIO,42990,50,3.7
ADVENTURE CHALLENGE SUPER MARIO,18990,14,1.7
PIRANHA PLANT SCAPE SUPER MARIO,29990,28,2.9
MARIO KART RACING DELUXE SUPER MARIO,58990,37,3.3
HOVER SHELL STRIKE SUPER MARIO,20990,25,1.8
BLOW UP SHAKY TOWER SUPER MARIO,30990,20,0.1
BALANCING UNDER SUPER MARIO,17990,3,3.5
BALANCING SKY SUPER MARIO,17990,24,2.6
BALANCING GROUND SUPER MARIO,17990,5,0.8
BALANCING CASTLE SUPER MARIO,17990,0,3.8
FIRE MARIO STADIUM SUPER MARIO,48990,49,2.8
CUBO CREATIVO SUPER MARIO AQUABEADS,48990,32,2.6
BALANCING DESERT SUPER MARIO,17990,10,2.5
BALANCING UNDER WATER SUPER MARIO,17990,43,3.0
MODEL KIT FIGURE-RISE AMPLIFIED BLACKWARGREYMON BANDAI HOBBY DIGIMON,49990,22,1.2
Juego de mesa Catan el Juego Ampliacion 5-6 jugadores,24990,27,2.1
Juego de mesa Catan Edicion Extra,69990,43,2.5
Juego de mesa Catan el Duelo,24990,32,3.1
Juego de mesa Catan Piratas y Exploradores Exp 5-6 Jugadores,24990,7,4.7
Jet Jaguar [1973] S.H.MonsterArts Tamashii Nations,71990,33,1.1
"Peluche Pokemon 8"" Quaxly Jazwares",19990,16,1.9
"Peluche Pokemon 8"" Fuecoco Jazwares",19990,49,1.6
"Peluche Pokemon 8"" Sprigatito Jazwares",19990,49,0.9
Peluche Pokemon 12 Scornbunny Jazwares,24990,30,4.9
Peluche Pokemon 12 Dragonair Jazwares,24990,50,2.3
Peluche Pokemon 12 Eevee Jazwares,24990,48,2.5
Peluche Pokemon 12 Pikachu Jazwares,24990,36,1.6
"Peluche Pokemon 8"" Flareon Jazwares",19990,49,2.3
"Peluche Pokemon 8"" Jolteon Jazwares",19990,33,3.2
"Peluche Pokemon 8"" Vaporeon Jazwares",19990,38,3.8
"Peluche Pokemon 8"" Eevee Jazwares",19990,41,1.4
"Peluche Pokemon 8"" Bulbasaur Jazwares",19990,18,3.7
"Peluche Pokemon 8"" Squirtle Jazwares",19990,15,4.0
"Peluche Pokemon 8"" Charmander Jazwares",19990,6,3.4
"Peluche Pokemon 8"" Pikachu Jazwares",19990,2,4.4
Figura Pokemon Calendario Adviento Jazwares,39990,30,2.5
Figura Pokemon Pikachu y Coiffeton Jazwares,9990,27,0.3
Figura Pokemon Pikachu y Sprigatito Jazwares,9990,15,0.5
Figura Pokemon Pikachu y Fuecoco Jazwares,9990,44,4.0
"Peluche Pokemon 5"" Sleeping Cyndaquil Jazwares",14990,41,4.3
"Peluche Pokemon 5"" Sleeping Oshawott Jazwares",14990,10,2.6
"Peluche Pokemon 5"" Sleeping Rowlet Jazwares",14990,6,4.6
"Peluche Pokemon 5"" Sleeping Pikachu Jazwares",14990,7,0.1
Figura Pokemon Pikachu Train and Play Jazwares,44990,46,0.4
Red-Eyes-Black Dragon S.H.MonsterArts Tamashii Nations,119990,5,2.5
"Torture TorturaTis Time for ""Torture,"" Princess Figuarts mini",19990,0,1.3
"Princess Tis Time for ""Torture,"" Princess Figuarts mini Tamashii Nations",19990,25,2.0
Sakura Haruno -Narutop99 Edition- S.H Figuarts Tamashii Nations,51990,27,0.3
Kenpachi Zaraki BLEACH:Thousand-Year Blood War S.H Figuarts Tamashii Nations,71990,48,1.5
Makima S.H Figuarts Tamashii Nations,63990,20,4.8
Naruto Uzumaki -Narutop99 Edition- S.H Figuarts Tamashii Nations,27990,18,0.3
Rao&Thief Sand Land S.H Figuarts,87990,20,1.8
Full Power Frieza S.H Figuarts,71990,37,0.3
GX-108 Rhein X1 & GX-11R Dianan A Soul Of Chogokin Tamashii Nations,139990,25,1.9
VF-0A Phoenix＋QF-2200D-B Ghost HI-METAL R Tamashii Nartions,135990,9,3.4
Itachi Mangekyo Sharingan Figuarts Zero Tamashii Nations,67990,4,1.8
Aquaman and the Lost Kingdom S.H.Figuarts Tamashii Nations,67990,40,0.6
Guile -Outfit 2- S.H.Figuarts Tamashii Nations,59990,37,3.6
Frieren S.H.Figuarts Tamashii Nations,55990,41,1.9
Spirits S.H Figuarts Tamashii Nations,67990,12,2.2
Sasuke Mangekyo Sharingan Figuarts Zero Tamashii Nations,67990,2,1.4
Captain Marvel (The Marvels) S.H Figuarts Tamashii Nations,79990,46,4.9
SHY S.H.Figuarts Tamashii Nations,59990,41,2.7
ESTATUA FIGUARTS ZERO CHOUETTE SAILOR COSMOS -DARKNESS CALLS TO LIGHT AND LIGHT SUMMONS DARKNESS- TAMASHII NATIONS,95990,8,1.8
FIGURA ACCION S.H.FIGUARTS MINA ASHIRO KAIJU No.8 TAMASHII NATIONS,55990,15,4.9
PEGASUS SEIYA -Knights of the Zodiac-  SAINT CLOTH MYTH EX TAMASHII NATIONS,143990,5,1.0
FIGURA ACCION S.H.FIGUARTS RENO ICHIKAWA KAIJU No.8 TAMASHII NATIONS,55990,7,1.9
FIGURA ACCION SOUL OF CHOGOKIN GX-107 GURREN LAGAN GIGA DRILL TAMASHII NATIONS,279990,46,4.9
FIGURA ACCION TINY SESSION VF19 FIRE VALKYRIE WITH BASARA NEKKI TAMASHII NATIONS,35990,31,3.1
MINI FIGURA FIGUARTS MINI DOHALIM TALES OF ARISE TAMASHII NATIONS,19990,12,2.1
MINI FIGURA FIGUARTS MINI SHIONNE TALES OF ARISE TAMASHII NATIONS,19990,36,3.3
MINI FIGURA FIGUARTS MINI ALPHEN TALES OF ARISE TAMASHII NATIONS,19990,34,4.0
FIGURA ACCION S.H.FIGUARTS SON GOHAN  - THE WARRIOR WHO SURPASSED GOKU -  TAMASHII NATIONS,47990,47,4.7
FIGURA ACCION S.H.FIGUARTS KAIJU No.8 TAMASHII NATIONS,39990,34,4.7
ESTATUA FIGUARTS ZERO DOHALIM TALES OF ARISE TAMASHII NATIONS,95990,31,2.0
FIGURA ACCION GUNDAM UNIVERSE XXXG-01D2 GUNDAM DEATHSCYTHE HELL(EW) TAMASHII NATIONS,21590,22,0.4
FIGURA ACCION GUNDAM UNIVERSE X-EX01 GUNDAM CALIBARN TAMASHII NATIONS,21590,4,4.6
FIGURA ACCION GUNDAM UNIVERSE RX-0 UNICORN GUNDAM 02 BANSHEE NORN TAMASHII NATIONS,21590,49,4.3
FIGURA ACCION S.H.FIGUARTS SUPER SAIYAN GOD SON GOKU TAMASHII NATIONS,27990,1,1.6
FIGURA ACCION S.H.FIGUARTS MONKEY.D.LUFFY GEAR5 TAMASHII NATIONS,67990,33,3.8
BASE SAINT CLOTH MYTH EX STAGE TAMASHII NATIONS,15990,13,0.4
FIGURA ACCION S.H.FIGUARTS BODY CHAN SCHOOL LIFE EDITION DX SET GRAY COLOR VER. TAMASHII NATIONS,51990,29,4.0
FIGURA ACCION S.H.FIGUARTS BODY KUN SCHOOL LIFE EDITION DX SET GRAY COLOR VER.  TAMASHII NATIONS,51990,23,3.0
ESTATUA FIGUARTS ZERO POWER CHAINSAW MAN TAMASHII NATIONS,75990,21,3.5
MINI FIGURA FIGUARTS MINI YOR FORGER CODE WHITE TAMASHII NATIONS,19990,7,4.3
MINI FIGURA FIGUARTS MINI LOID FORGER CODE WHITE TAMASHII NATIONS,19990,23,3.1
FIGUARTS MINI ANYA FORGER CODE WHITE TAMASHII NATIONS,19990,15,4.9
ESTATUA FIGUARTS ZERO EXTRA BATTLE NARUTO UZUMAKI SAGE ART RELEASE RASENSHURIKEN TAMASHII NATIONS,67990,26,4.0
FIGURA SAINT CLOTH MYTH PHOENIX IKKI 20th ANNIVERSARY VER. TAMASHII NATIONS,111990,29,0.3
FIGURA ACCION S.H.FIGUARTS KYEWI DBZ TAMASHII NATIONS,55990,11,0.6
FIGURA CYGNUS HYOGA 20th ANNIVERSARY VER. SAINT CLOTH MYTH TAMASHII NATIONS,99990,5,4.0
FIGURA DRAGON BALL VEGETA 24000 POWER LEVEL S.H.FIGUARTS TAMASHII NATIONS,55990,20,2.1
FIGURA ANDROMEDA SHUN 20th ANNIVERSARY VER. SAINT CLOTH MYTH TAMASHII NATIONS,99990,44,3.9
ESTATUA MY HERO ACADEMIA ALL MIGHT CASUAL WEAR FIRST 4 FIGURES,74990,50,1.8
ESTATUA MY HERO ACADEMIA ALL MIGHT GOLDEN AGE,74990,28,2.6
ESTATUA SAND LAND CHOGOKIN SAND LAND TANK 104 CHOGOKIN TAMASHII NATIONS,135990,17,2.5
FIGURA ONE PIECE TRAFALGAR LAW THE RAID ON ONIGASHIMA S.H.FIGUARTS TAMASHII NATIONS,51990,28,3.1
ESTATUA ONE PIECE EXTRA BATTLE MONKY.D.LUFFY GEAR5 GIGANT FIGUARTSZERO TAMASHII NATIONS,119990,27,3.2
FIGURA FIGUARTS MINI ELDEN RING BLAIDD THE HALF-WOLF TAMASHII NATIONS,19990,36,0.1
FIGURA FIGUARTS MINI ELDEN RING MALENIA BLADE OF MIQUELLA TAMASHII NATIONS,19990,12,3.6
FIGURA CHAINSAW MAN DENJI S.H.FIGUARTS TAMASHII NATIONS,47990,23,1.9
FIGURA S.H.FIGUARTS SAND LAND BEELZEBUB TAMASHII NATIONS,47990,5,4.0
FIGURA S.H.MONSTERARTS EARTH DESTRUCTION DIRECTIVE GODZILLA VS. GIGAN GODZILLA 1972 TAMASHII NATIONS,71990,44,3.3
FIGURA S.H.MONSTERARTS SPACE GODZILLA FUKUOKA DECISIVE BATTLE VER. TAMASHII NATIONS,119990,15,2.9
FIGURA SAINT CLOTH MYTH DRAGON SHIRYU 20TH ANNIVERSARY VER. TAMASHII NATIONS,103990,30,4.8
FIGURA DARLING IN THE FRANXX 5th ANNIVERSARY SET S.H.FIGUARTS THE ROBOT SPIRITS TAMASHII NATIONS,103990,21,4.5
FIGURA S.H.FIGUARTS RYU OUTFIT 2 STREET FIGHTER TAMASHII NATIONS,55990,0,2.3
FIGURA CHUN-LI OUTFIT 2 STREET FIGHTER TAMASHII NATIONS,55990,32,0.2
NIPPER ALICATE BLUE BANDAI HOBBY,9990,45,0.5
FIGURA CLOTH MYTH EX LIBRA DHOKO REVIVAL VER. SAINT TAMASHII NATIONS,151990,19,4.8
FIGURA A NETFLIX SERIES ONE PIECE RORONOA ZORO S.H.FIGUARTS TAMASHII NATIONS,59990,19,4.8
FIGURA A NETFLIX SERIES ONE PIECE MONKEY D.LUFFY S.H.FIGUARTS TAMASHII NATIONS,47990,16,4.8
ESTATUA BLEACH THOUSAND YEAR BLOOD WAR TOSHIRO HITSUGAYA THOUSAND YEAR BLOOD WAR FIGUARTSZERO TAMASHII NATIONS,59990,45,1.9
ESTATUA BLEACH THOUSAND YEAR BLOOD WAR ICHIGO KUROSAKI THOUSAND YEAR BLOOD WAR FIGUARTSZERO TAMASHII NATIONS,59990,20,3.3
FIGURA S.H.FIGUARTS NIER AUTOMATA VER1.1A 9S TAMASHII NATIONS,51990,12,0.4
FIGURA S.H.FIGUARTS ONE PIECE KAIDOU KING OF THE BEASTS MAN-BEAST FORM TAMASHII NATIONS,159990,27,4.2
FIGURA S.H.MONSTER ARTS MONSTER HUNTER RISE MONSTER HUNTER RISE SUNBREAK TIGREX TAMASHII NATIONS,103990,11,1.4
S.H.FIGUARTS MASHLE MAGIC AND MUSCLES DOT BARRETT TAMASHII NATIONS,51990,13,2.6
FIGURA S.H.FIGUARTS SPY×FAMILY BECKY BLACKBELL TAMASHII NATIONS,43990,2,3.9
FIGURA S.H.FIGUARTS SPY×FAMILY DAMIAN DESMOND TAMASHII NATIONS,39990,16,2.3
S.H.FIGUARTS SPY×FAMILY BOND FORGER WITH ANYA  TAMASHII NATIONS,51990,46,2.2
MINI FIGURA FIGUARTS MINI URUSEI YATSURA ATARU MOROBOSHI & TEN TAMASHII NATIONS,19990,40,4.3
MINI FIGURA FIGUARTS MINI URUSEI YATSURA LUM TAMASHII NATIONS,19990,15,2.8
FIGURA IRON MAN MK 4 S.H.FIGUARTS,71990,1,4.0
REPLICA ETERNAL TIARE PROPLICA TAMASHII NATIONS,159990,35,0.5
FIGURA DRAGON BALL SUPER SON GOKU ULTRA INSTINCT TOYOTAROU EDITION,63990,3,4.1
Sobre Album Dragon Ball Z2 Saga De Frieza,800,49,4.6
NIPPER ALICATE RED BANDAI HOBBY,9990,38,3.6
FIGURA DRAGON BALL Z MECHA FRIEZA S.H.FIGUARTS TAMASHII NATIONS,63990,41,1.2
REPLICA VANITIM KIZUNA NO ALLELE PROPLICA BANDAI NAMCO,63990,32,1.7
FIGURA SUGURU GETO JUJUTSU KAISEN TECHNICAL HIGH SCHOOL S.H.FIGUARTS TAMASHII NATIONS,55990,12,2.7
S.H.FIGUARTS ONE PIECE YAMATO TAMASHII NATIONS,74990,39,1.7
FIGURA DEMON SLAYER GENYA SHINAZUGAWA FIGUARTSZERO TAMASHII NATIONS,59990,46,1.2
FIGURA S.H.MONSTERARTS YU-GI-OH! DUEL MONSTERS BLUE EYES WHITE DRAGON TAMASHII NATIONS,95990,43,0.2
REPLICA ESPADA NICHIRIN SWORD MUICHIRO TOKITO DEMON SLAYER TAMASHII NATIONS,169990,37,3.5
FIGURA POP! STAR WARS RETURN OF THE JEDI 40TH LUKE FUNKO,15990,32,3.9
FIGURA POP! STAR WARS: RETURN OF THE JEDI 40TH LEIA BOUSHH FUNKO,15990,44,2.5
FIGURA POP! STAR WARS: RETURN OF THE JEDI 40TH LEIA BOUNTY HUNTER FUNKO,15990,26,1.9
"PELUCHE POP! MY HERO ACADEMIA ALL MIGHT 7"" FUNKO",15990,19,3.1
Star Wars Obi-Wan Kenobi S2 Battle Pose Funko POP,15990,42,3.2
PIN POP! JUJUTSU KAISEN SUKUNA FUNKO,14990,15,0.4
PIN POP! JUJUTSU KAISEN MEGUMI FUSHIGURO FUNKO,14990,6,2.9
FIGURA DRAGON BALL Z G×MATERIA THE SON GOHAN BANPRESTO,24990,31,4.4
FIGURA TOKYO REVENGERS TAKASHI MITSUYA BANPRESTO,24990,16,3.3
FIGURA TINYTAN DYNAMITE Q POSKET JIN VER.A BANPRESTO,24990,18,4.6
FIGURA TINYTAN DYNAMITE Q POSKET RM VER.A BANPRESTO,24990,0,1.6
FIGURA NARUTO GRANDISTA UZUMAKI NARUTO#2 MANGA DIMENSIONS BANPRESTO,64990,1,2.0
FIGURA MY HERO ACADEMIA BANPRESTO COLOSSEUM SPECIAL ALL MIGHT BANPRESTO,29990,34,4.9
FIGURA DEMON SLAYER KIMETSU NO YAIBA VOL.21 B YUSHIRO BANPRESTO,19990,16,3.8
FIGURA DEMON SLAYER KIMETSU NO YAIBA VOL.21 A MAKOMO BANPRESTO,19990,7,4.8
FIGURA DEMON SLAYER KIMETSU NO YAIBA WORLD COLLECTABLE VOL.4 BANPRESTO,8990,20,0.3
FIGURA DEMON SLAYER KIMETSU NO YAIBA VOL.20 B MAKOMO BANPRESTO,19990,29,0.9
FIGURA ONE PIECE DXF THE GRANDLINE SERIES WANOKUNI VOL.3 B OTAMA BANPRESTO,19990,15,3.2
FIGURA MY HERO ACADEMIA BREAK TIME COLLECTION VOL.1 BANPRESTO,19990,10,3.7
FIGURA JUJUTSU KAISEN Q POSKET PETIT VOL.1 C NOBARA KUGISAKI BANPRESTO,14990,19,4.8
FIGURA JUJUTSU KAISEN Q POSKET PETIT VOL.1 B MEGUMI FUSHIGURO BANPRESTO,14990,40,1.7
FIGURA JUJUTSU KAISEN Q POSKET PETIT VOL.1 A YUJI ITADORI BANPRESTO,14990,39,3.9
FIGURA NARUTO SHIPPUDEN Q POSKET UZUMAKI NARUTO VER.A BANPRESTO,19990,38,0.6
FIGURA DEMON SLAYER KIMETSU NO YAIBA VOL.23 B AOI KANZAKI BANPRESTO,19990,29,3.9
FIGURA DEMON SLAYER KIMETSU NO YAIBA VOL.22 A YUSHIRO BANPRESTO,19990,16,0.3
FIGURA TOKYO REVENGERS TAKEMICHI HANAGAKI VOL.2 BANPRESTO,19990,26,1.7
FIGURA ONE PIECE DXF THE GRANDLINE SERIES WANOKUNI VOL.2 A OTAMA BANPRESTO,19990,3,0.4
FIGURA DRAGON BALL SUPER SAIYAN GOD VEGETA SUPER 15th ANNIVERSARY VER. S.H.FIGUARTS TAMASHII NATIONS,55990,22,3.5
FIGURA S.H.FIGUARTS NARUTO UZUMAKI KURAMA LINK MODE COURAGEOUS STRENGTH THAT BINDS TAMASHII NATIONS,51990,22,0.0
MINI FIGURA NANCI BLOOMING GIRLS ROLIFE,10990,11,4.5
MINI FIGURA NANCI 24 SOLAR TERMS ROLIFE,10990,16,3.6
FIGURA BATMAN THE FLASH S.H.FIGUARTS TAMASHII NATIONS,59990,15,0.7
S.H.FIGUARTS BYAKUYA KUCHIKI TAMASHII NATIONS,69990,50,4.6
FIGURA SAINT CLOTH MYTH EX GODDESS ATHENA & SAORI KIDO TAMASHII NATIONS,269990,8,2.6
Figuarts Mini SpyXFamily Damian Desmond Tamashii Nations,19990,0,4.1
Figuarts Mini SpyXFamily Becky Blackbell Tamashii Nations,19990,12,0.7
S.H.FIGUARTS DRAGON BALL Z SHENRON TAMASHII NATIONS,129990,34,0.4
S.H.FIGUARTS DRAGON BALL Z YAMCHA EARTHS FOREMOST FIGHTER TAMASHII NATIONS,47990,14,0.0
S.H.FIGUARTS JAMIROQUAI TAMASHII NATIONS,79990,19,1.4
S.H.FIGUARTS MASHLE: MAGIC AND MUSCLES LANCE CROWN TAMASHII NATIONS,64990,39,0.2
S.H.FIGUARTS MASHLE: MAGIC AND MUSCLES MASH BURNEDEAD TAMASHII NATIONS,59990,15,0.2
ESTATUA DRAGON BALL Z EXTRA BATTLE JANEMBA S.H.FIGUARTS TAMASHII NATIONS,71990,13,0.3
ESTATUA FIGUARTS ZERO CHOUETTE ETERNAL SAILOR MOON DARKNESS CALLS TO LIGHT AND LIGHT SUMMONS DARKNESS TAMASHII NATIONS,63990,37,1.4
MODEL KIT HG 1/144 PETIT GUY MASS PRODUCTION TYPE BANDAI HOBBY,4790,17,3.0
MODEL KIT HGPG1/144 BLACK TRI-PUTIT GUY BANDAI HOBBY,4790,22,1.9
Model Kit Pokemon Pikachu Sitting Pose Bandai Hobby,9990,4,3.7
MODEL KIT HG JYAKOMARU BANDAI HOBBY,23190,46,2.2
MODEL KIT 30MM 1/144 EXTENDED ARMAMENT VEHICLE MULTIPLE LEGS MECHA VER. BANDAI HOBBY,7990,7,3.4
MODEL KIT GUNDAM BUILD METAVERSE LARGE UNIT TENTATIVE BANDAI HOBBY,67990,50,4.5
KIT ACCESORIOS 30MS OPTION BODY PARTS TYPE S06 COLOR B  BANDAI HOBBY,7190,16,5.0
MODEL KIT HG 1/144 PLUTINE GUNDAM BANDAI HOBBY,19990,47,0.0
MODEL KIT HG 1/144 GUNDAM 00 DIVER ARC BANDAI HOBBY,21590,27,2.9
MODEL KIT SDW HEROES NOBUNAGA’ S WAR HORSE BANDAI HOBBY,7990,14,2.0
MODEL KIT FIGURE-RISE STANDARD AMPLIFIED METALGREYMON VACCINE BANDAI HOBBY,55990,43,4.9
KIT ACCESORIOS HG 1/72 AMAIM WARRIOR AT THE BORDERLINE WEAPON SET7 BANDAI HOBBY,12790,45,3.8
MODEL KIT 30MM 1/144 OPTION PARTS SET 14 MULTI CLOTH BANDAI HOBBY,8790,32,2.4
MODEL KIT 30MM 1/144 EXM-H15B ACERBY TYPE-B BANDAI HOBBY,14390,37,0.7
MODEL KIT HG 1/144 GM SHOULDER CANNON - MISSILE POD BANDAI HOBBY,19990,12,0.9
KIT ACCESORIOS 30MS OPTION BODY PARTS TYPE S05 COLOR A  BANDAI HOBBY,7990,3,2.9
MODEL KIT HG 1/144 SHIN BURNING GUNDAM BANDAI HOBBY,19990,29,3.3
MODEL KIT SD GUNDAM CROSS SILHOUETTE F-KUNOICHI KAI BANDAI HOBBY,15990,29,3.6
MODEL KIT FIGURE-RISE STANDARD ULTRAMAN SUIT ZERO SC VER. ACTION BANDAI HOBBY,35990,31,4.0
KIT ACCESORIOS 30MS OPTION BODY PARTS ALPHA SISTERS PHANTASM 1 COLOR A  BANDAI HOBBY,19990,13,2.1
MODEL KIT 30MS OPTION BODY PARTS BEYOND THE BLUE SKY 1 COLOR A  BANDAI HOBBY,19990,25,2.7
KIT ACCESORIOS 30MS OPTION HAIR STYLE & FACE PARTS SET HIORI KAZANO/MEGURU HACHIMIYA BANDAI HOBBY,21590,10,1.4
MODEL KIT 30MS MANO SAKURAGI BANDAI HOBBY,31990,49,3.0
MODEL KIT PLANNOSAURUS ANKYLOSAURUS BANDAI HOBBY,11990,0,1.4
MODEL KIT HG SCOPEDOG BANDAI HOBBY,23990,20,2.5
MODEL KIT MGSD GUNDAM BARBATOS BANDAI HOBBY,33590,16,3.6
MODEL KIT SDW HEROES REVIVAL OF THE HEROES! WUKONG IMPULSE GUNDAM CHILDHOOD VER. & SANZANG STRIKE FREEDOM GUNDAM SET BANDAI HOBBY,11990,22,1.3
MODEL KIT DEMON SLAYER MODEL KIT HASHIBIRA INOSUKE BANDAI HOBBY,39990,41,1.1
MODEL KIT HG 1/72 AMAIM WARRIOR AT THE BORDERLINE WEAPON SET6 BANDAI HOBBY,12790,5,4.5
KIT ACCESORIOS CUSTOMIZE MATERIAL 3D LENS STICKERS 2 BANDAI HOBBY,3990,38,1.8
KIT ACCESORIOS 30MM 1/144 OPTION PARTS SET 13 LEG BOOSTER UNIT / WIRELESS WEAPON PACK BANDAI HOBBY,7990,24,1.4
MODEL KIT 30MM 1/144 EXM-H15A ACERBY TYPE-A BANDAI HOBBY,15990,31,4.5
DECALS HG 1/100 YF-29 DURANDAL VALKYRIE MAXIMILIAN JENIUS USE FULL SET PACK WATER DECALS BANDAI HOBBY,6390,47,4.9
MODEL KIT HG 1/100 YF-29 DURANDAL VALKYRIE MAXIMILIAN JENIUS USE FULL SET PACK BANDAI HOBBY,47990,18,2.4
MODEL KIT ENTRY GRADE 1/144 BUILD STRIKE EXCEED GALAXY BANDAI HOBBY,9590,48,1.8
MODEL KIT ENTRY GRADE 1/144 LAH GUNDAM BANDAI HOBBY,9590,17,4.1
MODEL KIT HG 1/144 VICTORY TWO ASSAULT BUSTER GUNDAM CLEAR COLOR  BANDAI HOBBY,19990,2,5.0
MODEL KIT BB SENSHI MSN-04FF SAZABI BANDAI HOBBY,15990,5,2.3
MODEL KIT RG 1/144 MSN-04FF SAZABI BANDAI HOBBY,71990,28,2.1
MODEL KIT HG 1/144 HOBBY HI-ZACK A.O.Z RE-BOOT VER. BANDAI HOBBY,23990,16,3.9
MODEL KIT FIGURE-RISE STANDARD UMAMUSUME: PRETTY DERBY SPECIAL WEEK BANDAI HOBBY,31990,29,1.1
MODEL KIT MG 1/100 GUNDAM EXIA RECIRCULATION COLOR/NEON PURPLE  BANDAI HOBBY,39990,38,4.1
MODEL KIT MOBILE SUIT GUNDAM SEED 20TH ANNIVERSARY MS SET METALLIC  BANDAI HOBBY,71990,3,0.8
MODEL KIT BB SENSHI RX-93FF Ν GUNDAM BANDAI HOBBY,14390,29,2.0
MODEL KIT RG 1/144 Ν GUNDAM HWS CLEAR COLOR  BANDAI HOBBY,55990,39,2.0
MODEL KIT HG 1/144 RX-78-3 G-3 GUNDAM BEYOND GLOBAL  BANDAI HOBBY,19990,6,2.8
MODEL KIT RG 1/144 Ν GUNDAM CLEAR COLOR  BANDAI HOBBY,39990,21,2.6
MODEL KIT HAROPLA MOMOHARO CLEAR COLOR  BANDAI HOBBY,5590,13,0.9
Nintendo Switch OLED Zelda Tears of The Kingdom Edition,349990,14,4.7
ACCION BOX SAINT SEIYA ARTLIZED  THE SUPREME GOLD SAINTS ASSEMBLE! SET 12 FIGURAS TAMASHII,83990,45,5.0
Model Kit Pokemon Slowpoke 15 Quick Bandai Hobby,7990,31,4.9
ESTATUA ONE PIECE EXTRA BATTLE MOMONOSUKE KOZUKI TWIN DRAGONS FIGUARTS ZERO TAMASHII NATIONS,159990,0,1.8
FIGURA ARTICULADA MAZINGER Z 50TH ANNIVERSARY VER. DX SOUL OF CHOGOKIN TAMASHII NATIONS,679990,35,1.1
FIGURA MAZINGER Z GX-10R BOSS BOROT SOUL OF CHOGOKIN TAMASHII NATIONS,95990,8,3.2
S.H.FIGUARTS NARUTO SHIPPUDEN OBITO UCHIHA HOLLOW DREAMS OF DESPAIR TAMASHII NATIONS,64990,7,4.9
FIGURA ARTICULADA HELLS PARADISE JIGOKURAKU YUZURIHA S.H.FIGUARTS TAMASHII NATIONS,59990,0,0.3
FIGURA ARTICULADA DISNEY SUPER MAGICAL COMBINED KING ROBO MICKY & FRIENDS DISNEY 100 YEARS OF WONDER CHOGOKIN,319990,27,4.4
ESTATUA DEMON SLAYER MUICHIRO TOKITO FIGUARTS ZERO TAMASHII NATIONS,79990,43,3.6
ESTATUA FIGUARTS ZERO NARUTO NEXT GENERATIONS SASUKE UCHIHA RELATION TAMASHII NATIONS,84990,14,5.0
FIGURA S.H.FIGUARTS SPIDER-MAN 2099 SPIDER-MAN ACROSS THE SPIDER-VERSE TAMASHII NATIONS,124990,39,2.1
Figuarts Mini SpyXFamily Bond Forger Tamashii Nations,24990,50,2.3
Figuarts Mini SpyXFamily Yor Forger Odekeke Outfit Tamashii Nations,24990,45,2.3
Figuarts Mini SpyXFamily Loid Forger Odekeke Outfit Tamashii Nations,24990,47,1.2
Figuarts Mini SpyXFamily Anya Forger Odekeke Outfit Tamashii Nations,24990,50,2.2
Figuarts Mini Mashle Magic & Muscles Lemon Irvine Tamashii Nations,24990,24,1.2
Figuarts Mini Mashle Magic & Muscles Lance Crown Tamashii Nations,24990,6,3.6
Figuarts Mini Mashle Magic & Muscles Mash Burnedead Tamashii Nations,24990,38,3.7
FIGURA S.H.FIGUARTS SPY×FAMILY LOID FORGER FATHER OF THE FORGER FAMILY TAMASHII NATIONS,59990,41,4.3
S.H.FIGUARTS NARUTO OROCHIMARU SEEKER OF IMMORTALITY TAMASHII NATIONS,59990,9,1.0
FIGURA ANT-MAN AND THE WASP QUANTUMANIA ANT-MAN S.H.FIGUARTS TAMASHII NATIONS,84990,35,4.7
ESTATUA FIGUARTS ZERO DEMON SLAYER MITSURI KANROJI TAMASHII NATIONS,74990,9,2.4
Super Saiyan Son Goku -Legendary Super Saiyan- S.H.Figuarts,59990,33,3.8
MODEL KIT DEMON SLAYER MODEL KIT KAMADO TANJIRO BANDAI HOBBY,20990,22,0.3
STAND MULTI BUILDERS RUNNER BANDAI HOBBY,4990,12,5.0
CAJA ORGANIZADORA MULTI BUILDERS BANDAI HOBBY,19990,29,3.4
FIGURA ACCION S.H.FIGUARTS THANOS FIVE YEARS LATER 2023 EDITION THE INFINITY SAGA  TAMASHII NATIONS,129990,27,3.4
FIGURA ACCION S.H.FIGUARTS METAL COOLER TAMASHII NATIONS,99990,0,4.0
FIGURA ACCION S.H.FIGUARTS GREEN GOBLIN SPIDER MAN: NO WAY HOME TAMASHII NATIONS,159990,16,0.1
KIT ACCESORIOS 30MS OPTION HAIR STYLE PARTS VOL.8 ALL 4 TYPES BANDAI HOBBY,19990,26,4.2
KIT ACCESORIOS 30MS OPTION FACE PARTS FACIAL EXPRESSION SET 6 COLOR C BANDAI HOBBY,11990,32,3.5
KIT ACCESORIOS 30MS OPTION PARTS SET 10 REAPER ARMOR  BANDAI HOBBY,7990,21,4.0
KIT ACCESORIOS 30MS OPTION PARTS SET 9 COMMANDER COSTUME COLOR C BANDAI HOBBY,13590,47,2.2
MODEL KIT 30MM 1/144 EXTENDED ARMAMENT VEHICLE TILT ROTOR VER.  BANDAI HOBBY,7990,20,4.8
DECALS 30 MINUTES MISSIONS WATER DECALS MULTIUSE BANDAI HOBBY,6390,50,0.9
MODEL KIT HG GILBOW BANDAI HOBBY,35990,18,4.5
MODEL KIT FIGURE-RISE STANDARD ULTRAMAN Z ORIGINAL BANDAI HOBBY,31990,33,3.7
MODEL KIT HG 1/72 MAILES PROTOGOUYO BANDAI HOBBY,19990,9,2.3
MODEL KIT HG DYGENGUAR BANDAI HOBBY,43990,17,2.5
KIT ACCESORIOS 30MS OPTION PARTS SET 8 SCOUT COSTUME COLOR C BANDAI HOBBY,13590,11,3.3
MODEL KIT 30MS SIS-M00 ILSHANA COLOR C BANDAI HOBBY,29990,14,3.6
KIT ACCESORIOS CUSTOMIZE WEAPONS HEAVY WEAPON 1  BANDAI HOBBY,7990,29,1.3
